{
	"system" : {
		"platform" : "windows64",
		"os_name" : "Windows 10",
		"os_version" : "10.0"
	},
	"error" : {
		"executable" : "quartus",
		"comment" : "not_applicable",
		"error_message" : "Access Violation at 0X00007FF81841013E",
		"source_file" : "unknown",
		"line" : "0",
		"stack_trace" : "\t0x7ff81841013d: CCL_MSG + 0x5013d (?write_message@MSG_REPORT_FILE@@QEAA_NPEAVMSG_POST@@@Z + 0x4d)\n\t0x7ff80ba86aae: SYS_QUI + 0x16aae (?save_msg@QUI_DISPLAY@@QEAAXAEBVFIO_PATH@@@Z + 0x18e)\n\t0x7ff80baa4b53: SYS_QUI + 0x34b53 (?qui_save_pro_msg@@YAXXZ + 0x2e3)\n\t0x7ff80ba9a527: SYS_QUI + 0x2a527 (?flow_starting_setup@QUI_FRAME_WND@@QEAA_NW4FSTR_FLOW_ENUM@@_N@Z + 0x77)\n\t0x7ff80ba82911: SYS_QUI + 0x12911 (?start_flow@QUI_APP@@QEAA_NW4FSTR_FLOW_ENUM@@AEBV?$basic_string@DU?$char_traits@D@std@@V?$allocator@D@2@@std@@_N22@Z + 0x51)\n\t0x7ff80babe692: SYS_QUI + 0x4e692 (?start_compile_action@QUI_PROCESSING_MENU@@UEAAXXZ + 0x62)\n\t 0x6eb8d1f0: QtCore4 + 0x11d1f0 (?activate@QMetaObject@@SAXPEAVQObject@@PEBU1@HPEAPEAX@Z + 0x520)\n\t 0x6ed6a2cf: QtGui4 + 0xa2cf (?activate@QAction@@QEAAXW4ActionEvent@1@@Z + 0xdf)\n\t 0x6f0a67a5: QtGui4 + 0x3467a5 (?click@QAbstractButton@@QEAAXXZ + 0x135)\n\t 0x6f0a7699: QtGui4 + 0x347699 (?mouseReleaseEvent@QAbstractButton@@MEAAXPEAVQMouseEvent@@@Z + 0x59)\n\t 0x6f1531ae: QtGui4 + 0x3f31ae (?mouseReleaseEvent@QToolButton@@MEAAXPEAVQMouseEvent@@@Z + 0xe)\n\t 0x6edc1dc4: QtGui4 + 0x61dc4 (?event@QWidget@@MEAA_NPEAVQEvent@@@Z + 0xd4)\n\t 0x6ed82f95: QtGui4 + 0x22f95 (?notify_helper@QApplicationPrivate@@QEAA_NPEAVQObject@@PEAVQEvent@@@Z + 0xf5)\n\t 0x6ed81b8e: QtGui4 + 0x21b8e (?notify@QApplication@@UEAA_NPEAVQObject@@PEAVQEvent@@@Z + 0x71e)\n\t 0x6eb7e67b: QtCore4 + 0x10e67b (?notifyInternal@QCoreApplication@@AEAA_NPEAVQObject@@PEAVQEvent@@@Z + 0x7b)\n\t 0x6ed85dee: QtGui4 + 0x25dee (?sendMouseEvent@QApplicationPrivate@@SA_NPEAVQWidget@@PEAVQMouseEvent@@00PEAPEAV2@AEAV?$QPointer@VQWidget@@@@_N@Z + 0x1de)\n\t 0x6ede69b0: QtGui4 + 0x869b0 (?trUtf8@QScrollBar@@SA?AVQString@@PEBD0H@Z + 0x1440)\n\t 0x6edea361: QtGui4 + 0x8a361 (?winMouseButtonUp@QApplication@@SAXXZ + 0x2761)\n\t0x7ff837d61c4b: USER32 + 0x11c4b (CallWindowProcW + 0x43b)\n\t0x7ff837d60ea5: USER32 + 0x10ea5 (DispatchMessageW + 0x2b5)\n\t 0x6eba3982: QtCore4 + 0x133982 (?processEvents@QEventDispatcherWin32@@UEAA_NV?$QFlags@W4ProcessEventsFlag@QEventLoop@@@@@Z + 0x3e2)\n\t 0x6ede2074: QtGui4 + 0x82074 (?openPopup@QApplicationPrivate@@QEAAXPEAVQWidget@@@Z + 0x204)\n\t 0x6eb7b5db: QtCore4 + 0x10b5db (?exec@QEventLoop@@QEAAHV?$QFlags@W4ProcessEventsFlag@QEventLoop@@@@@Z + 0x22b)\n\t 0x6eb7dbbf: QtCore4 + 0x10dbbf (?exec@QCoreApplication@@SAHXZ + 0xdf)\n\t0x7ff73a63198b: quartus + 0x198b (?qgq_main@@YAHHPEAPEBD@Z + 0x8b)\n\t0x7ff8183d3258: CCL_MSG + 0x13258 (?msg_main_thread@@YAPEAXPEAX@Z + 0x18)\n\t0x7ff8183d4a5e: CCL_MSG + 0x14a5e (?msg_thread_wrapper@@YAPEAXP6APEAXPEAX@Z0@Z + 0x6e)\n\t0x7ff8184e6af0: ccl_mem + 0x16af0 (?mem_thread_wrapper@@YAPEAXP6APEAXPEAX@Z0@Z + 0x70)\n\t0x7ff8183d2af1: CCL_MSG + 0x12af1 (?msg_exe_main@@YAHHPEAPEBDP6AHH0@Z@Z + 0xa1)\n\t0x7ff73a632777: quartus + 0x2777 (WinMain + 0x127)\n\t0x7ff73a631f40: quartus + 0x1f40 (__tmainCRTStartup + 0x148)\n\t0x7ff8373b554f: KERNEL32 + 0x1554f (BaseThreadInitThunk + 0xf)\n\t0x7ff837f4485a: ntdll + 0x485a (RtlUserThreadStart + 0x2a)\n",
		"subsystem" : "unknown"
	},
	"quartus" : {
		"quartus_bits" : "64",
		"version" : "20.1.1",
		"build" : "720",
		"edition" : "Lite Edition"
	}
}